ID_USUARIO,NOME,EMAIL,SENHA
1,Ana,ana@exemplo.com,senha3
2,Carlos,carlos@exemplo.com,senha6
3,Fernanda,fernanda@exemplo.com,senha9
4,JoÃ£o,joÃ£o@exemplo.com,senha12
5,Larissa,larissa@exemplo.com,senha15
6,Marcelo,marcelo@exemplo.com,senha18
7,Patricia,patricia@exemplo.com,senha21
8,Ricardo,ricardo@exemplo.com,senha24
9,Vanessa,vanessa@exemplo.com,senha27
10,Gustavo,gustavo@exemplo.com,senha30
11,Pedro,pedro@exemplo.com,senha33
12,Luiza,luiza@exemplo.com,senha36
13,Rafael,rafael@exemplo.com,senha39
14,Marcela,marcela@exemplo.com,senha42
15,Vitor,vitor@exemplo.com,senha45
16,Paula,paula@exemplo.com,senha48
17,Felipe,felipe@exemplo.com,senha51
18,Isabela,isabela@exemplo.com,senha54
19,Danilo,danilo@exemplo.com,senha57
20,Marta,marta@exemplo.com,senha60
21,Roberto,roberto@exemplo.com,senha63
22,Simone,simone@exemplo.com,senha66
24,BÃ¡rbara,bÃ¡rbara@exemplo.com,senha72
25,Thiago,thiago@exemplo.com,senha75
26,JÃ©ssica,jÃ©ssica@exemplo.com,senha78
27,Eduardo,eduardo@exemplo.com,senha81
28,Mariana,mariana@exemplo.com,senha84
29,AndrÃ©,andrÃ©@exemplo.com,senha87
30,Tatiane,tatiane@exemplo.com,senha90
31,Bruna,bruna@exemplo.com,senha93
32,Carla,carla@exemplo.com,senha96
33,Tiago,tiago@exemplo.com,senha99
34,LÃºcio,lÃºcio@exemplo.com,senha102
35,Aline,aline@exemplo.com,senha105
36,Cristiano,cristiano@exemplo.com,senha108
37,Sabrina,sabrina@exemplo.com,senha111
38,Victor,victor@exemplo.com,senha114
39,DÃ©bora,dÃ©bora@exemplo.com,senha117
40,JosÃ©,josÃ©@exemplo.com,senha120
41,LÃºcia,lÃºcia@exemplo.com,senha123
42,RogÃ©rio,rogÃ©rio@exemplo.com,senha126
43,Daniela,daniela@exemplo.com,senha129
44,Anderson,anderson@exemplo.com,senha132
45,Cristiane,cristiane@exemplo.com,senha135
46,CÃ©sar,cÃ©sar@exemplo.com,senha138
47,NatÃ¡lia,natÃ¡lia@exemplo.com,senha141
48,Rui,rui@exemplo.com,senha144
49,ClÃ¡udia,clÃ¡udia@exemplo.com,senha147
50,Alfredo,alfredo@exemplo.com,senha150
